market,time,price_open,price_close,price_high,price_low,vwap,volume,candle_usd_volume,candle_trades_count
"binance-gas-try-spot","2023-11-23T00:00:00.000000000Z","245.5","256.5","268","237.4","252.7737948342336","2191482.76","19073963.696034391418279808747941409054002","66490"
"binance-gas-try-spot","2023-11-24T00:00:00.000000000Z","256.5","258.4","275.1","251.2","263.2816365137079","1509607.52","13689043.1246732843581646582789397761085487","45446"
"binance-gas-try-spot","2023-11-25T00:00:00.000000000Z","258.2","253.5","261.2","246.6","252.6124448787923","475901.22","4132804.162275761094630086454313643500642864","12979"
"binance-gas-try-spot","2023-11-26T00:00:00.000000000Z","253.5","249.8","268","242","256.3279440436049","607426.55","5354812.783583339134775439291399050622271","18067"
"binance-gas-try-spot","2023-11-27T00:00:00.000000000Z","249.8","234.8","250.4","227.2","236.193936282863","230028.54","1866589.6515671174249019039277924329923763","6669"
"binance-gas-try-spot","2023-11-28T00:00:00.000000000Z","234.7","239.1","241.2","227.7","235.6079622645146","156715.09","1271378.1581306362242805597109569223180827","3999"
"binance-gas-try-spot","2023-11-29T00:00:00.000000000Z","239.4","231.8","239.6","228.1","233.7482656480167","111637.95","899869.58431299566225206518581394519134104","3299"
"binance-gas-try-spot","2023-11-30T00:00:00.000000000Z","232.1","230.2","234.2","224.4","227.9150983344028","102733.12","808772.5914019463093244826027958873873872","3014"
"binance-gas-try-spot","2023-12-01T00:00:00.000000000Z","229.7","231.3","233.9","227.5","230.8597629175304","94192.54","751246.8462629051702245443474085924051006","2332"
"binance-gas-try-spot","2023-12-02T00:00:00.000000000Z","232","240.2","245.3","232","237.5256309140213","220386.21","1808945.5796489277894863407632888275614954","5985"
"binance-gas-try-spot","2023-12-03T00:00:00.000000000Z","240.2","236.2","245.9","233.3","238.7498445346306","174739.88","1441962.374145180873518659093037096038519","4553"
"binance-gas-try-spot","2023-12-04T00:00:00.000000000Z","236.1","231.5","239.9","217.2","231.8478934640491","234564.95","1876562.6111442423654881799737230506582536","7328"
"binance-gas-try-spot","2023-12-05T00:00:00.000000000Z","231","227","231.2","223.1","226.4940496618325","142021.34","1109013.9882940387895265462180499878438293","5233"
"binance-gas-try-spot","2023-12-06T00:00:00.000000000Z","227.1","221.7","227.7","215.3","222.098090023121","145798.1","1114527.3682411005403167661672159234417967","4984"
"binance-gas-try-spot","2023-12-07T00:00:00.000000000Z","221.5","225.7","227.5","217","223.5014914061558","112630.62","866292.5365894484992668460748967636425397","4212"
"binance-gas-try-spot","2023-12-08T00:00:00.000000000Z","226","231","231.6","223.5","228.5123840788832","118425.36","930967.0137345415223120721407116678177054","3836"
"binance-gas-try-spot","2023-12-09T00:00:00.000000000Z","231.1","230","241.6","222.1","235.2672304177214","135853.7","1098874.4719764537779104897720602548856077","6057"
"binance-gas-try-spot","2023-12-10T00:00:00.000000000Z","230.1","233","237.4","226.2","231.3253820795667","96746.21","767459.0920119378211432165412777876626287","3992"
"binance-gas-try-spot","2023-12-11T00:00:00.000000000Z","233.3","212.1","233.4","185.8","216.8322331522853","115311.93","849002.8428965821299951642372984675388549","4905"
"binance-gas-try-spot","2023-12-12T00:00:00.000000000Z","212.4","209.4","215.7","203.5","209.2760569621975","85995.98","615542.8644159430029723805555443621064899","3282"
"binance-gas-try-spot","2023-12-13T00:00:00.000000000Z","208.9","211.5","214.6","200.4","206.9555083145834","49657.93","351068.6741340306209773103871198902590043","3251"
"binance-gas-try-spot","2023-12-14T00:00:00.000000000Z","212","209.5","212.4","200.2","209.0944373234722","64317.06","461958.3090192412491516496436379547639557","3115"
"binance-gas-try-spot","2023-12-15T00:00:00.000000000Z","209.8","206.4","218.5","205.7","211.3477225279055","81591.34","591176.6571880055937369333785274970217433","4793"
"binance-gas-try-spot","2023-12-16T00:00:00.000000000Z","206.7","213.6","219.9","206.7","215.0254749338505","79244.72","580049.7763418914660049796186434521907421","4635"
"binance-gas-try-spot","2023-12-17T00:00:00.000000000Z","213.4","208.8","215","207.7","210.6613297080232","31232.27","223228.2280497494155575531112721811037827","2589"
"binance-gas-try-spot","2023-12-18T00:00:00.000000000Z","208.8","199.1","210.3","187.5","197.7780557372771","69428.58","464979.2215516075249202068825574458887625","4475"
"binance-gas-try-spot","2023-12-19T00:00:00.000000000Z","199.5","197.2","204.1","193","199.0499786586699","44584.85","302476.9186732682726174175846192034959465","3124"
"binance-gas-try-spot","2023-12-20T00:00:00.000000000Z","197.9","200.7","202.8","194","199.0865769268133","39836.63","270904.7711358603705297672360905257734818","2335"
"binance-gas-try-spot","2023-12-21T00:00:00.000000000Z","201.1","207.6","212.5","199.7","207.1582886044591","73628.8","521422.189632961302319311805085670298134","4861"
"binance-gas-try-spot","2023-12-22T00:00:00.000000000Z","207.8","210.8","214","200.2","206.2950324243068","51308.73","361316.602672425789991617024754369554536","2902"
"binance-gas-try-spot","2023-12-23T00:00:00.000000000Z","211.4","209.1","213.1","203.4","208.1629592449803","39846.38","281362.99756718866445136350480992894165208","2546"
"binance-gas-try-spot","2023-12-24T00:00:00.000000000Z","208.8","203.5","210.4","195.7","206.2643281719424","37179.9","260441.4753845173833813328651959236596249","2813"
"binance-gas-try-spot","2023-12-25T00:00:00.000000000Z","203.5","214.9","227.9","202.5","214.7401655662976","74178.14","539980.7835976734782608638074673914438046","4095"
"binance-gas-try-spot","2023-12-26T00:00:00.000000000Z","215.3","209.1","220.9","201","211.4018232103773","40156.09","286187.7408904199113668442837678222383948","2731"
"binance-gas-try-spot","2023-12-27T00:00:00.000000000Z","209.9","211.2","213.7","204","208.9651854002297","23354.34","164196.5120785711147014177620033056687003","1684"
"binance-gas-try-spot","2023-12-28T00:00:00.000000000Z","211.3","206","213","202.6","207.3027736012205","16341.21","114178.541726100112743856326641255378045","1922"
"binance-gas-try-spot","2023-12-29T00:00:00.000000000Z","205.3","205.7","208.9","199.6","205.6686761651752","25043.23","172491.6439957728105552795578047321781148","1838"
"binance-gas-try-spot","2023-12-30T00:00:00.000000000Z","205.6","205.4","210.7","201.7","205.2285537201101","13875.53","94097.62653361954107061398035296055329784","1384"
"binance-gas-try-spot","2023-12-31T00:00:00.000000000Z","204.7","208.1","216.3","201.3","210.8359922826774","56252.67","390422.621243175352984398267550761106936","4287"
"binance-gas-try-spot","2024-01-01T00:00:00.000000000Z","208.1","206.7","208.7","202","205.3479374447805","27152.97","184503.5511169852096776169032690447802931","1192"
"binance-gas-try-spot","2024-01-02T00:00:00.000000000Z","206.6","206","210","203.4","207.1968594880689","40130.4","276482.6671481040289487422555769189404982","1695"
"binance-gas-try-spot","2024-01-03T00:00:00.000000000Z","206.5","178.6","210","144.8","182.1931895501487","66782.96","400199.4657914029327275169616183153195316","3712"
"binance-gas-try-spot","2024-01-04T00:00:00.000000000Z","178.8","188.6","195.3","178.8","187.7233180752608","37982.08","234986.2223027451591940552269852300761957","2454"
"binance-gas-try-spot","2024-01-05T00:00:00.000000000Z","188.5","184.3","188.5","176.6","181.3917064165819","19035.68","113667.4816511124040284454367016415079941","1940"
"binance-gas-try-spot","2024-01-06T00:00:00.000000000Z","184.5","178.9","184.5","172.1","179.3366124666124","17225.69","101227.980738766948651117548317611974491","1711"
"binance-gas-try-spot","2024-01-07T00:00:00.000000000Z","180.3","167.3","188.3","164.8","177.7224872609514","25790.78","150213.4219065287216390766305265136661533","2106"
"binance-gas-try-spot","2024-01-08T00:00:00.000000000Z","167.7","170.1","170.1","152.3","162.1171029248767","31523.38","167874.7781373105746627776360921093250063","1968"
"binance-gas-try-spot","2024-01-09T00:00:00.000000000Z","170.1","162.5","170.3","155.3","160.7440688849536","36270.33","192253.109093712124118139116188788912234045","2626"
"binance-gas-try-spot","2024-01-10T00:00:00.000000000Z","162.9","172.9","180.8","158.5","172.3925528358268","201960.5","1148058.7067927295845812022492447171225765","9370"
"binance-gas-try-spot","2024-01-11T00:00:00.000000000Z","174.4","185","190.6","174.4","184.9956186348997","73662.43","452257.4459587406914057709847370328149712","3592"
"binance-gas-try-spot","2024-01-12T00:00:00.000000000Z","185.4","176","186.9","170","181.0870260397753","19661.46","117072.1251299833936439699101576266202918","2115"
"binance-gas-try-spot","2024-01-13T00:00:00.000000000Z","177.1","184.3","190.7","177.1","184.0508687904609","35640.93","214330.1200923463816449400081665643520202","2663"
"binance-gas-try-spot","2024-01-14T00:00:00.000000000Z","183.5","177.5","183.5","177","180.1346541216603","21482.12","126609.1401341380600200685400964320043482","1105"
"binance-gas-try-spot","2024-01-15T00:00:00.000000000Z","177.5","178.7","180.4","176","178.4144934592972","21133.05","123351.0687822543001359171161665073122342","865"
"binance-gas-try-spot","2024-01-16T00:00:00.000000000Z","178.7","178.9","180.4","173.8","177.8497888352436","16700.23","97453.0859771202491103651857923079881286","1464"
"binance-gas-try-spot","2024-01-17T00:00:00.000000000Z","179.4","184.6","187.9","175.6","183.3267103969711","63589.77","383382.9367985807082051832515683480263264","3545"
"binance-gas-try-spot","2024-01-18T00:00:00.000000000Z","184.6","213.8","225.2","184.6","213.8262668414776","582320.49","4096207.4616874172832791499976901169258502","17913"
"binance-gas-try-spot","2024-01-19T00:00:00.000000000Z","213.5","196.7","237.2","191.7","218.0569132033057","149966.08","1070525.2851060197384885417753261021860927","5325"
"binance-gas-try-spot","2024-01-20T00:00:00.000000000Z","196.5","202.2","212.2","188.4","203.7575160161733","54012.59","358559.1992068059968315765093196307359093","3244"
"binance-gas-try-spot","2024-01-21T00:00:00.000000000Z","201.3","193.5","204.6","191.8","196.4844820191678","40010.94","256208.6654917067253658026573733052005486","2504"
"binance-gas-try-spot","2024-01-22T00:00:00.000000000Z","193.6","178.3","201.8","174.1","184.7671695201466","30118.78","181601.5274781674086555278837278171673081","2644"
"binance-gas-try-spot","2024-01-23T00:00:00.000000000Z","178.6","173.4","182.1","161.3","169.5709081110563","26182.04","144473.4671805720409434742808273785804993","2407"
"binance-gas-try-spot","2024-01-24T00:00:00.000000000Z","173.6","173.7","175.1","167.5","170.486831860987","14955.72","83155.4852421837701113343011688161588655","1531"
"binance-gas-try-spot","2024-01-25T00:00:00.000000000Z","173.7","169","176","165.8","168.7977287309857","12249.98","67701.5932685744522709308283860095267087","1957"
"binance-gas-try-spot","2024-01-26T00:00:00.000000000Z","169.1","175.6","177.2","169","173.7686488786996","30733.51","174500.5926176875415315527973685573889003","1357"
"binance-gas-try-spot","2024-01-27T00:00:00.000000000Z","175.7","174.9","176.2","170.7","173.1409214602909","17668.26","99917.9853367427286820973187954213421616","1275"
"binance-gas-try-spot","2024-01-28T00:00:00.000000000Z","175.1","179.3","183","172.3","177.9468519352452","87336.99","507508.8370773568222072433096174060427364","3457"
"binance-gas-try-spot","2024-01-29T00:00:00.000000000Z","178.9","179.1","179.3","171.3","175.0797702449551","39341.9","225507.86381962080850787492020793020772","2461"
"binance-gas-try-spot","2024-01-30T00:00:00.000000000Z","179.3","177.3","182.6","175.9","179.6289969128089","26010.7","153316.3827107080279839074242661011473381","2708"
"binance-gas-try-spot","2024-01-31T00:00:00.000000000Z","177.5","178.7","195.6","173.1","185.3957062469358","123483.58","750439.7572217352402127802145341941256156","7760"
"binance-gas-try-spot","2024-02-01T00:00:00.000000000Z","179.1","177.1","179.1","171.8","175.3349121360711","12821.53","73556.35582842032725356043108253475859472","1203"
"binance-gas-try-spot","2024-02-02T00:00:00.000000000Z","177","177.6","179","174","175.4737782905045","8130.82","46618.1123558048002321443033958299252133","391"
"binance-gas-try-spot","2024-02-03T00:00:00.000000000Z","177.7","175","180","174","175.6613778736613","6739.66","38510.2863867096737608674964311643190748","257"
"binance-gas-try-spot","2024-02-04T00:00:00.000000000Z","175","171.9","175","171.3","173.6724584064702","4762.76","26844.9518370957160357217715195719460774","263"
"binance-gas-try-spot","2024-02-05T00:00:00.000000000Z","171.8","172.5","173.8","167.8","172.5814944694043","18244.87","102360.68646885906571281650516744987710395","1258"
"binance-gas-try-spot","2024-02-06T00:00:00.000000000Z","172.4","173.9","175.3","170.7","174.3180012959226","16960.89","96261.3191247369148125781876214496973769","1434"
"binance-gas-try-spot","2024-02-07T00:00:00.000000000Z","173.9","176.8","177.4","170.5","173.9342139541265","23906.62","135525.091490566652034533442340889831553","2029"
"binance-gas-try-spot","2024-02-08T00:00:00.000000000Z","176.7","176.1","177.4","174.5","176.0503647215445","16833.39","96641.26862497439257885106818428713465206","1094"
"binance-gas-try-spot","2024-02-09T00:00:00.000000000Z","175.9","182.6","183.1","175.7","179.9208637531778","20245.83","118354.8154753448747426032262271891039068","1479"
"binance-gas-try-spot","2024-02-10T00:00:00.000000000Z","182.5","182.2","183.8","179","181.5142020962866","16496.79","97272.5034803591402227746310392957895547","1161"
"binance-gas-try-spot","2024-02-11T00:00:00.000000000Z","182.3","187.2","190.4","182.3","186.8808331596924","40409.06","245178.1590242095085849970869569325161743","2642"
"binance-gas-try-spot","2024-02-12T00:00:00.000000000Z","187.2","187.4","188.4","180.2","185.066273389205","27212.34","163490.7920430779256046638460523159400103","1824"
"binance-gas-try-spot","2024-02-13T00:00:00.000000000Z","187.6","183.4","187.7","179.3","183.299814371086","27581.91","164094.968129085028112996484293522524522","1864"
"binance-gas-try-spot","2024-02-14T00:00:00.000000000Z","183.2","188.3","189.6","181.7","186.059837253227","33831.7","204263.8490699387248198467368082663646662","1109"
"binance-gas-try-spot","2024-02-15T00:00:00.000000000Z","188.4","202.4","218","185.7","205.8655038485881","214884","1433734.06303801152958371436963419781323484","9326"
"binance-gas-try-spot","2024-02-16T00:00:00.000000000Z","201.3","205.5","218","196","206.333756556155","125437.47","837103.8819777926573550187633574969934057","6316"
"binance-gas-try-spot","2024-02-17T00:00:00.000000000Z","205.6","201.6","208.7","194.9","200.9698987019981","17528.48","112774.47069938374349325844086460780331695","1354"
"binance-gas-try-spot","2024-02-18T00:00:00.000000000Z","202","202.5","206","199.5","202.4819333734085","18149.21","117509.38684236839972532397771580269022162","1222"
"binance-gas-try-spot","2024-02-19T00:00:00.000000000Z","202.7","203.7","205","200.6","202.9171252900048","20120.36","130872.5214219346423197434858403626562665","872"
"binance-gas-try-spot","2024-02-20T00:00:00.000000000Z","204.5","200.3","205.6","185.9","199.9064081107615","19108.44","122208.6941470871838180996596855202602713","1213"
"binance-gas-try-spot","2024-02-21T00:00:00.000000000Z","200","195.8","201.5","189.6","193.3754096745318","15628.87","96339.0187139520225884011547078772902584","1799"
"binance-gas-try-spot","2024-02-22T00:00:00.000000000Z","195.4","196.8","205.8","192.4","198.4181233676125","19752.51","124992.59265742745810170189810269884575454","2235"
"binance-gas-try-spot","2024-02-23T00:00:00.000000000Z","196.9","195.4","198.7","191","195.3629500752824","9650.33","59970.0913640555126672673909074784900423","1867"
"binance-gas-try-spot","2024-02-24T00:00:00.000000000Z","195.5","199","200.1","193.4","197.9660205183455","8316.46","52199.777655552771747339741517982805612","1314"
"binance-gas-try-spot","2024-02-25T00:00:00.000000000Z","199.4","199.4","200.8","196.3","198.4498146793034","13023.37","82038.95775307568277033238198429920586612","966"
"binance-gas-try-spot","2024-02-26T00:00:00.000000000Z","199.5","200.1","200.9","192.8","197.198802107348","22902.72","143865.4639514850291668293175556374671172","1752"
"binance-gas-try-spot","2024-02-27T00:00:00.000000000Z","200.8","201.1","202.1","195.7","200.1166020635825","28703.48","183839.319298106504725934179184539212846","1865"
"binance-gas-try-spot","2024-02-28T00:00:00.000000000Z","201.2","198.2","207.4","175.7","199.4509823516394","32941.87","210042.3092030948856599402007244291462158","3068"
"binance-gas-try-spot","2024-02-29T00:00:00.000000000Z","198.1","204.8","212.4","196.7","205.8752564266705","39522.02","260330.2940573972974436969256153722324645","3017"
"binance-gas-try-spot","2024-03-01T00:00:00.000000000Z","205","217.3","218.6","203","212.9071462433622","29531.46","199893.9158232809996489855599630121612622","2881"
"binance-gas-try-spot","2024-03-02T00:00:00.000000000Z","216.7","241.5","250.8","216.1","232.4732691082663","63923.12","472062.4269013288859604118065019177183069","4809"
"binance-gas-try-spot","2024-03-03T00:00:00.000000000Z","240.7","231.3","241.6","207.2","229.1217009911422","22038.21","160060.227943141713146876284471905884211","2743"
"binance-gas-try-spot","2024-03-04T00:00:00.000000000Z","231.6","241.7","247.2","227.8","238.0298554991376","29204.67","219786.6599450135620679212846442538928022","3990"
"binance-gas-try-spot","2024-03-05T00:00:00.000000000Z","241.6","221.7","241.8","190","230.5847156904398","24501.99","176576.1527463001743080997764887310454109","5017"
"binance-gas-try-spot","2024-03-06T00:00:00.000000000Z","221.8","231","232","213.2","223.968416110789","22578.41","155079.9580092611162234520445244364628249","3549"
"binance-gas-try-spot","2024-03-07T00:00:00.000000000Z","231.4","234.7","235.6","224.7","231.3485884019207","19246.98","137014.999596252232645574934500872359254","2009"
"binance-gas-try-spot","2024-03-08T00:00:00.000000000Z","234.8","233.7","236","223.5","231.0371944675736","16297.37","115796.6197978004009896147704756090675091","2789"
"binance-gas-try-spot","2024-03-09T00:00:00.000000000Z","234","235.6","236.5","229","233.3781647873841","24088.98","172002.9223984821688978695456834197860351","2813"
"binance-gas-try-spot","2024-03-10T00:00:00.000000000Z","235.2","234.1","237.7","227.3","233.5934420043726","17252.68","122325.1834603005370595238842057715088222","3758"
"binance-gas-try-spot","2024-03-11T00:00:00.000000000Z","234","243.2","248.9","222.7","241.429055718403","39058.37","285219.6378560843112701396804376493894613","4907"
"binance-gas-try-spot","2024-03-12T00:00:00.000000000Z","243","247.3","248.3","224.6","237.51667095748","24393.2","176891.0501284099747600230079704704207796","4117"
"binance-gas-try-spot","2024-03-13T00:00:00.000000000Z","247.4","256.3","261.6","243.3","251.3624140417382","66667.53","515981.3975041756842622252021581332207392","5475"
"binance-gas-try-spot","2024-03-14T00:00:00.000000000Z","256.3","251.5","269.8","232","256.1847004080037","72143.95","571150.894857853787030829793026428094064","5916"
"binance-gas-try-spot","2024-03-15T00:00:00.000000000Z","251.5","244.1","270","220.8","245.0220786926606","50290.84","374195.2886115180497029671941579649887078","7147"
"binance-gas-try-spot","2024-03-16T00:00:00.000000000Z","243.8","221.1","243.8","215.9","229.372559856876","20580.76","141669.0457203455701808193139308012304304","3811"
"binance-gas-try-spot","2024-03-17T00:00:00.000000000Z","221","223","225.5","207.1","218.8305789766471","20187.17","131891.8609147672716696378653111781614687","2204"
"binance-gas-try-spot","2024-03-18T00:00:00.000000000Z","223","210.5","223.9","206.1","215.0164177489739","25049.11","161653.8077748724171438111744072489660427","3874"
"binance-gas-try-spot","2024-03-19T00:00:00.000000000Z","210.7","190.6","213.2","186.1","197.6585850344761","21179.88","125129.0649936664510996936402249682207293","2470"
"binance-gas-try-spot","2024-03-20T00:00:00.000000000Z","190.5","208.9","209.4","184.5","198.4269269949579","33062.1","196959.4878049853932279823778278719022194","3755"
"binance-gas-try-spot","2024-03-21T00:00:00.000000000Z","208.6","214.6","215.8","203.7","211.5399559423759","31554.13","203469.9767283906140359245964965092979077","3387"
"binance-gas-try-spot","2024-03-22T00:00:00.000000000Z","213.5","206.3","214.6","197.8","206.8205713476512","12922.78","81684.2655178914815875861842605811638354","2159"
"binance-gas-try-spot","2024-03-23T00:00:00.000000000Z","205.7","207.1","210.5","203.6","207.5141887035442","5746.05","36448.7483520094810352903116762316908507","2191"
"binance-gas-try-spot","2024-03-24T00:00:00.000000000Z","206.7","212.2","214.6","206","210.6341229517971","8973.11","57947.16814448051591575033833417692556659","1302"
"binance-gas-try-spot","2024-03-25T00:00:00.000000000Z","212.6","221.2","226.2","210.6","218.8431461476614","26939.74","183490.0475866332831330219946879130599281","2977"
"binance-gas-try-spot","2024-03-26T00:00:00.000000000Z","221.3","228","232.1","220.6","226.3323371174481","13947.78","98080.0429614601337931351244719077826779","2164"
"binance-gas-try-spot","2024-03-27T00:00:00.000000000Z","228.2","230.7","239.2","216.5","230.5081981596614","17369.63","123691.5542032995486096546634556637117282","4661"
"binance-gas-try-spot","2024-03-28T00:00:00.000000000Z","229.5","228.5","230.3","221.4","226.6338294587193","6865.2","47950.3610622908494245187819157998309231","1504"
"binance-gas-try-spot","2024-03-29T00:00:00.000000000Z","227.9","227.8","229.5","221.1","225.9212705155435","3366.35","23276.8619929350582433030090913512128177","1748"
"binance-gas-try-spot","2024-03-30T00:00:00.000000000Z","227.8","225.6","228.6","223.9","226.998589572104","3775.45","26078.6055643993308145805644163835095396","1248"
"binance-gas-try-spot","2024-03-31T00:00:00.000000000Z","224.9","229.9","231.4","224.9","228.8447120984112","2704.57","18694.621792986800761066406617306491176","1259"
"binance-gas-try-spot","2024-04-01T00:00:00.000000000Z","230","214.3","231.5","207.2","215.7712924487903","4647.07","30611.0048749032731435112194680442621584","1649"
"binance-gas-try-spot","2024-04-02T00:00:00.000000000Z","214","197.9","214.1","195.4","202.5532976445396","7892.3","48850.6451758188881032630133810395478449","2273"
"binance-gas-try-spot","2024-04-03T00:00:00.000000000Z","197.9","195.5","207.8","190.9","202.0786375674184","16523.68","103899.0480174921815597780175935016084726","1882"
"binance-gas-try-spot","2024-04-04T00:00:00.000000000Z","195.1","199.8","202.6","192.6","199.0046060109481","13962.19","86716.6444820711580521928239227565001792","1447"
"binance-gas-try-spot","2024-04-05T00:00:00.000000000Z","200.4","200","201.5","192.6","199.0690706191953","5528.95","34044.23990670531219413467808573256339748","734"
"binance-gas-try-spot","2024-04-06T00:00:00.000000000Z","199.5","202.8","203.8","198.5","201.6257334870484","4016.09","24964.0433808701484935560127423258600547","1325"
"binance-gas-try-spot","2024-04-07T00:00:00.000000000Z","202.5","203.1","205.4","201","203.219355306734","4755.75","29828.2926411424790075563230510226454596","1684"
"binance-gas-try-spot","2024-04-08T00:00:00.000000000Z","203.6","226.9","230.1","199.4","223.7413416718253","111254.33","771573.333027732795778493505275067842157","8968"
"binance-gas-try-spot","2024-04-09T00:00:00.000000000Z","227","211.1","227.4","210.6","220.4171363985349","48139.52","328031.8969761193794853775791867823927113","4851"
"binance-gas-try-spot","2024-04-10T00:00:00.000000000Z","210.9","221.8","221.8","204.5","212.7654103030076","13888.76","89830.8266083957495142833202471530990164","4711"
"binance-gas-try-spot","2024-04-11T00:00:00.000000000Z","221.3","235","235","217.6","228.7416827487759","48112.47","333727.6613877815832214095999760183480425","5297"
"binance-gas-try-spot","2024-04-12T00:00:00.000000000Z","234.9","201.5","243","189.7","228.6958509776315","68952.87","473990.704680262022372578998081893046787","6321"
"binance-gas-try-spot","2024-04-13T00:00:00.000000000Z","204.2","171.5","214.2","149.2","190.0449521871868","34140.43","190955.876662643812196433969205742598576","4600"
"binance-gas-try-spot","2024-04-14T00:00:00.000000000Z","170.5","186.3","186.4","159.7","174.8502037235878","22947.76","116878.2457261376448351551948461879158182","2462"
"binance-gas-try-spot","2024-04-15T00:00:00.000000000Z","185.4","178.4","199.5","166","185.707364864568","25033.59","138395.8803149702822082353523990559963823","2708"
"binance-gas-try-spot","2024-04-16T00:00:00.000000000Z","177","171.1","177.3","164","171.5435202320812","10396.36","53995.7990285749906331380807136394053345","1487"
"binance-gas-try-spot","2024-04-17T00:00:00.000000000Z","170.7","162.9","172.5","159.8","165.9606841214952","13360.2","67434.2261961712157506628252630562303041","2836"
"binance-gas-try-spot","2024-04-18T00:00:00.000000000Z","164.1","173.3","175.3","159.1","167.7936262070634","10833.11","55563.4815120269522028334317520858883999","2268"
"binance-gas-try-spot","2024-04-19T00:00:00.000000000Z","173.1","177.9","189.7","168.6","180.6560812299803","34759.58","191774.5574421645227498444958899816277848","3342"
"binance-gas-try-spot","2024-04-20T00:00:00.000000000Z","177.3","185","186.1","175","180.945675156396","11955.23","65631.0888598768883796978054217347438403","1331"
"binance-gas-try-spot","2024-04-21T00:00:00.000000000Z","183.7","182.7","190.5","179.2","185.7165926250857","18237.5","103205.08229339089967251921206934431866736","1923"
"binance-gas-try-spot","2024-04-22T00:00:00.000000000Z","183.4","188.3","193.8","183.2","187.3411284555449","7495.2","42973.5126214110188448938810804545579343","559"
"binance-gas-try-spot","2024-04-23T00:00:00.000000000Z","188","184.1","190.9","183.4","185.8890885276809","4412.97","25129.3411416710261115743184037573945466","611"
"binance-gas-try-spot","2024-04-24T00:00:00.000000000Z","184.2","175","187.3","173.4","182.2693227275606","7579.52","42379.8071378488517531801767474965137835","2142"
"binance-gas-try-spot","2024-04-25T00:00:00.000000000Z","175.1","176.9","181.4","169","173.9628379290881","2887.81","15383.9730164526144477199953667237388745","760"
"binance-gas-try-spot","2024-04-26T00:00:00.000000000Z","176.8","179.1","180.7","173","176.7055979008555","5487.95","29686.4948971006124588952560568537155231","1875"
"binance-gas-try-spot","2024-04-27T00:00:00.000000000Z","177.6","178.2","182.6","170.4","180.1531642442968","9716.38","53478.4442426354310413986676365005883685","1352"
"binance-gas-try-spot","2024-04-28T00:00:00.000000000Z","177.9","178.5","184.6","177.7","180.9913900756836","3276.8","18155.1758339407559883738775688418688262","1270"
"binance-gas-try-spot","2024-04-29T00:00:00.000000000Z","179.5","179.3","183.6","172","176.3976986984454","6954.76","37694.5645150665032393109522940346645533","2631"
"binance-gas-try-spot","2024-04-30T00:00:00.000000000Z","178.8","162.7","180.7","158.3","167.0125093960846","6625.1","34040.4284227132895327520880414740543195","2075"
"binance-gas-try-spot","2024-05-01T00:00:00.000000000Z","162.7","158.9","163.1","148.9","154.4690520672475","8580.25","40478.5942026449972717330204087302165192","2708"
"binance-gas-try-spot","2024-05-02T00:00:00.000000000Z","158.8","158.8","161","152.7","156.3342332741012","4654.01","22344.9310166020937760376186272215223003","1652"
"binance-gas-try-spot","2024-05-03T00:00:00.000000000Z","158.7","165.9","168.5","156.6","162.703981275576","4924.05","24711.0148053945882355348433772147453394","1529"
"binance-gas-try-spot","2024-05-04T00:00:00.000000000Z","166.8","164.5","169.6","164","166.196958442433","5969.31","30596.81837612119894804991785752572459","1418"
"binance-gas-try-spot","2024-05-05T00:00:00.000000000Z","164.9","167.9","170","162.4","166.5950048509208","4617.68","23716.6517316538831244493366959217571353","1810"
"binance-gas-try-spot","2024-05-06T00:00:00.000000000Z","168","165.5","172","164.6","167.9917638335422","2306.17","11971.35491650232285121073594210153610143","1367"
"binance-gas-try-spot","2024-05-07T00:00:00.000000000Z","165.6","164.5","170.8","163.9","167.6520244324122","3950.49","20484.0041894418983799170659789754081415","2178"
"binance-gas-try-spot","2024-05-08T00:00:00.000000000Z","164.6","164.8","169.4","161.8","164.6051520804268","1913.79","9738.9772351039548590741314144409024789","1427"
"binance-gas-try-spot","2024-05-09T00:00:00.000000000Z","165.9","169","169.9","130","164.4116850228516","2669.4","13657.196636547471737827889345387717552538","929"
"binance-gas-try-spot","2024-05-10T00:00:00.000000000Z","168.7","161.2","170.8","158.5","164.7811420835906","3708.31","18909.1060161682116160856801180357699117","1012"
"binance-gas-try-spot","2024-05-11T00:00:00.000000000Z","161.3","160.2","164.2","160","161.9196902433881","3604.12","17965.164508973396328956809753205449959552","821"
"binance-gas-try-spot","2024-05-12T00:00:00.000000000Z","160.3","159","161.6","157.7","160.0388650100365","5395.29","26600.8228903848306979569629535847422411","844"
"binance-gas-try-spot","2024-05-13T00:00:00.000000000Z","159.5","158.3","159.7","153.1","157.683621424942","2204.16","10752.0544715572633939438812120374645113","741"
"binance-gas-try-spot","2024-05-14T00:00:00.000000000Z","158.6","154.5","159.1","154.5","156.4736095840406","1136.89","5496.7076100996269145470140313754486011","302"
"binance-gas-try-spot","2024-05-15T00:00:00.000000000Z","154.5","163.3","164.2","154","158.6773120868986","2342.04","11496.28635337225137000417005392595806152","697"
"binance-gas-try-spot","2024-05-16T00:00:00.000000000Z","162.7","162.1","163.9","160","161.5984457142857","6212.5","31156.9006445855242586108576662925908037","621"
"binance-gas-try-spot","2024-05-17T00:00:00.000000000Z","162.3","168","168.3","162","165.896445912469","3935.75","20236.269524610850413444118270421244251","232"
"binance-gas-try-spot","2024-05-18T00:00:00.000000000Z","167.3","167.2","168.8","165.7","167.2680018461741","303.33","1570.3428219476993290155326036687952938","48"
"binance-gas-try-spot","2024-05-19T00:00:00.000000000Z","166.7","161","167.5","160","163.4274563337884","1142.76","5772.3751370541538676227833952085144795","110"
"binance-gas-try-spot","2024-05-20T00:00:00.000000000Z","160.7","170.9","172","160.1","168.069659217446","1814.06","9504.6233714002497286593517222988726162","329"
"binance-gas-try-spot","2024-05-21T00:00:00.000000000Z","171.3","169.2","172.5","167.1","170.0854041320718","5179","27497.9298927633924985272543708659756965","1677"
"binance-gas-try-spot","2024-05-22T00:00:00.000000000Z","169.3","166.9","169.7","164.6","167.4304480278623","2429.09","12726.66918625384774897121645785858999","453"
"binance-gas-try-spot","2024-05-23T00:00:00.000000000Z","167","161.6","168","154.9","163.2550543465876","6582.75","33359.0182147424162737874777048897697446","1395"
"binance-gas-try-spot","2024-05-24T00:00:00.000000000Z","161.3","166.1","166.2","158.6","162.0352489990794","1868.28","9371.454808862082981944543816933088509","340"
"binance-gas-try-spot","2024-05-25T00:00:00.000000000Z","166.6","167.6","169.8","165.9","167.4423645669152","1694.01","8780.84522909099665209641995768270405938","240"
"binance-gas-try-spot","2024-05-26T00:00:00.000000000Z","167.3","165.1","168","164.6","165.7287232144305","5548.23","28536.4685576562668182928843348430458288","298"
"binance-gas-try-spot","2024-05-27T00:00:00.000000000Z","164.8","167.9","170.1","163.5","168.0164326066885","3195.05","16703.3083025296424681778518406308356871","286"
"binance-gas-try-spot","2024-05-28T00:00:00.000000000Z","167.8","168.6","171.3","163.7","167.5797640848262","8054.59","41893.3024646244778040694894289280070845","1301"
"binance-gas-try-spot","2024-05-29T00:00:00.000000000Z","168.9","165.5","170.7","165.4","168.8829419525066","3335.2","17470.2969454458341779152130730488521191","625"
"binance-gas-try-spot","2024-05-30T00:00:00.000000000Z","165.7","161.4","166.2","159.3","162.1427692601232","6498.92","32639.4434494136083907721614818285049216","561"
"binance-gas-try-spot","2024-05-31T00:00:00.000000000Z","160.9","161.2","161.8","157.4","160.1641858804964","3193.88","15835.9198885088721821644882532403810216","292"
"binance-gas-try-spot","2024-06-01T00:00:00.000000000Z","159.7","160.8","161.1","159.6","160.3866143223929","2481.01","12315.8398409969333611120012222062954317","303"
"binance-gas-try-spot","2024-06-02T00:00:00.000000000Z","160.1","158.6","160.7","157","159.2019066778648","2559.95","12613.9555708543923936661304977929832537","304"
"binance-gas-try-spot","2024-06-03T00:00:00.000000000Z","158.7","158.7","160.8","157.9","159.339938713362","5244.21","25927.4542504653321725024744379263212944","394"
"binance-gas-try-spot","2024-06-04T00:00:00.000000000Z","158.4","162.9","163.7","158","160.507999035627","4562.55","22658.7761192943829952328467599597670223","244"
"binance-gas-try-spot","2024-06-05T00:00:00.000000000Z","163.7","163.8","165.1","162.6","163.773408897566","3267.86","16524.9938524228351473635228350270535921","881"
"binance-gas-try-spot","2024-06-06T00:00:00.000000000Z","164","161.1","164","159.5","161.7757997087452","3824.83","19158.5808675374047452308493213570491898","1007"
"binance-gas-try-spot","2024-06-07T00:00:00.000000000Z","161.1","149.6","162.9","90","149.6863707231595","15579.55","71649.3851394216533184632901022793761299","2365"
"binance-gas-try-spot","2024-06-08T00:00:00.000000000Z","149.6","142","150","140.6","144.8129205185462","6560.65","29039.3684050716039211335386735149669858","1852"
"binance-gas-try-spot","2024-06-09T00:00:00.000000000Z","141.9","144.7","145.5","139.9","142.631441211871","3971.38","17307.8792374324558262826503937958765028","1047"
"binance-gas-try-spot","2024-06-10T00:00:00.000000000Z","144.7","141.2","144.7","140.7","142.083023689779","2320.41","10115.3154129816324319516823860425684375","478"
"binance-gas-try-spot","2024-06-11T00:00:00.000000000Z","141","134.3","141.1","130.9","135.6184238435937","4233.59","17653.760111038338164026492757654413397","1001"
"binance-gas-try-spot","2024-06-12T00:00:00.000000000Z","133.9","140.3","143.2","132.4","140.3943152034553","10576.28","45731.1750796053861095344897143202600834","1628"
"binance-gas-try-spot","2024-06-13T00:00:00.000000000Z","140.2","133.7","142.9","133.4","137.8861542027745","2804.1","11927.5495442430633994074382796251819606","660"
"binance-gas-try-spot","2024-06-14T00:00:00.000000000Z","133.7","134.4","136.9","130","132.8180685445288","1431.77","5768.5506242709237644786901765043209018","327"
"binance-gas-try-spot","2024-06-15T00:00:00.000000000Z","134.5","136.6","137.3","134.3","136.3870873815932","1315.38","5360.8197949397817331804528398990983137","261"
"binance-gas-try-spot","2024-06-16T00:00:00.000000000Z","137","136.2","137.6","133.9","136.8104457131763","2266.48","9259.795657894337774087418594641811998","150"
"binance-gas-try-spot","2024-06-17T00:00:00.000000000Z","137.2","125.9","166","120","128.0449905531397","24129.71","91940.0321762662325759668919092768908505","1998"
"binance-gas-try-spot","2024-06-18T00:00:00.000000000Z","125.9","118.2","125.9","109.1","116.7706973836453","6110.41","21194.1450843882928102539147599032079974","581"
"binance-gas-try-spot","2024-06-19T00:00:00.000000000Z","118.1","119.9","122.7","116.8","119.7645748407317","976.34","3509.496908844889649764133717198412075","519"
"binance-gas-try-spot","2024-06-20T00:00:00.000000000Z","119.2","121.4","127.6","119.2","124.8953756027556","18674.65","70503.4693068732700602257206137153168018","870"
"binance-gas-try-spot","2024-06-21T00:00:00.000000000Z","120","127.2","144.9","120","132.7977485608206","118541.51","473371.5556923537667759721474503368809348","6556"
"binance-gas-try-spot","2024-06-22T00:00:00.000000000Z","127.1","120.9","128.2","120.1","122.8573732252046","25121.91","93034.4954567875174097369861396868116627","1696"
"binance-gas-try-spot","2024-06-23T00:00:00.000000000Z","120.9","117.9","122.2","116.4","120.6314888754226","6501.82","23669.5851480958165108295483147939533614","769"
"binance-gas-try-spot","2024-06-24T00:00:00.000000000Z","118.5","118.3","120.2","111","116.3789117298515","3746.68","13159.4187835535126846060498967403738025","652"
"binance-gas-try-spot","2024-06-25T00:00:00.000000000Z","118","120.1","121.1","117.6","120.1478404992915","12971.98","47085.6528793365323139763582581451075677","916"
"binance-gas-try-spot","2024-06-26T00:00:00.000000000Z","120.4","120.1","121.8","117.9","120.9007440998622","7890.07","28884.14472729812782656093024992982334436","742"
"binance-gas-try-spot","2024-06-27T00:00:00.000000000Z","119","121.5","122.4","117.1","120.338230608608","8888.48","32477.45904770709365366427489913513555331","560"
"binance-gas-try-spot","2024-06-28T00:00:00.000000000Z","121.2","122.5","140","121.2","129.8132479348633","320085.36","1261969.8716737296005113842389989927118968","14626"
"binance-gas-try-spot","2024-06-29T00:00:00.000000000Z","122","121.1","131.7","121.1","126.4380055728495","25545.28","97987.5303136279576275693242311585881407","2150"
"binance-gas-try-spot","2024-06-30T00:00:00.000000000Z","120.9","123.1","123.7","117.4","121.0744256840142","6563.46","24075.924729425850758378399213144396428498","1089"
"binance-gas-try-spot","2024-07-01T00:00:00.000000000Z","123.6","120.3","124.1","119.7","121.0330512299963","4408.55","16286.74138260389859724553821328048264068","277"
"binance-gas-try-spot","2024-07-02T00:00:00.000000000Z","120.1","120","121.9","118.4","119.6293301416783","1541.52","5640.7704450192388963061083279846413538","742"
"binance-gas-try-spot","2024-07-03T00:00:00.000000000Z","120.3","114.6","120.5","113.6","116.8524514352765","1303.93","4664.3943434205884532372845584148070857","544"
"binance-gas-try-spot","2024-07-04T00:00:00.000000000Z","112.3","103.6","112.3","103.6","108.8406875332765","2122.37","7057.537023242262710812654379113738475","278"
"binance-gas-try-spot","2024-07-05T00:00:00.000000000Z","103","100.3","103","90","94.89056421323757","4550.23","13092.2024625010968405572492784617987837","543"
"binance-gas-try-spot","2024-07-06T00:00:00.000000000Z","100.5","106.8","113","100.2","104.9137808129727","13231.44","42021.9033064833406558145466848199793682","766"
"binance-gas-try-spot","2024-07-07T00:00:00.000000000Z","106.8","102.1","107.9","100.6","106.1817416148329","3360.1","10860.621473118232271606365400749959758","379"
"binance-gas-try-spot","2024-07-08T00:00:00.000000000Z","98","103.1","106.7","97.5","103.4806177031587","4770.9","15059.2780839133627724682421822450132275","149"
"binance-gas-try-spot","2024-07-09T00:00:00.000000000Z","103.2","107.1","108.5","103.1","106.4614033174503","12562.66","40681.9676298960751502421356208242584497","280"
"binance-gas-try-spot","2024-07-10T00:00:00.000000000Z","107.5","109.3","109.9","106.5","108.6612662425722","1622.28","5350.9019972351817784052407868332068696","347"
"binance-gas-try-spot","2024-07-11T00:00:00.000000000Z","109.2","107.9","112","107.7","109.5239534554984","4456.81","14818.078932887334704224316025583252835","425"
"binance-gas-try-spot","2024-07-12T00:00:00.000000000Z","108","110.2","110.6","107","108.2823714754071","2427.94","7947.30828712244911628672085060256030975","84"
"binance-gas-try-spot","2024-07-13T00:00:00.000000000Z","110.8","116","118.3","110.8","115.0570974789347","5021.29","17359.1796049400140017135262044284365588","158"
"binance-gas-try-spot","2024-07-14T00:00:00.000000000Z","116.1","125.6","133","115.2","125.5094686860539","223791.98","845847.512115545640016499474293323690728","9882"
"binance-gas-try-spot","2024-07-15T00:00:00.000000000Z","125","128.7","129.8","124.8","126.9786924809507","36144.33","138716.31343280620361401160676476846129448","2178"
"binance-gas-try-spot","2024-07-16T00:00:00.000000000Z","128.7","126.2","128.7","121","124.7213577670083","8633.44","32585.033935463112934300400085902156893832","452"
"binance-gas-try-spot","2024-07-17T00:00:00.000000000Z","127.6","127","129.9","125.4","128.1253181454125","5281.39","20431.7142107198398715496482129817011875","258"
"binance-gas-try-spot","2024-07-18T00:00:00.000000000Z","126.2","127.3","129.5","123.9","126.1423748209193","2254.57","8571.447581283263378511917163540148458","171"
"binance-gas-try-spot","2024-07-19T00:00:00.000000000Z","126.6","130","130.1","125.1","128.5326013505083","2003.69","7779.7040347457185968594430207384656598","104"
"binance-gas-try-spot","2024-07-20T00:00:00.000000000Z","129.9","129.6","130.2","128.3","129.2305861334778","5575.01","21748.375489884786852458330850388930567448","236"
"binance-gas-try-spot","2024-07-21T00:00:00.000000000Z","130","132.4","137.7","126.6","133.0669495067852","9114.69","36571.1452861478042577751362282356315749","557"
"binance-gas-try-spot","2024-07-22T00:00:00.000000000Z","134.7","127.4","136.6","126.9","129.3520168129928","2010.35","7859.6404635639061438458745783763934809","199"
"binance-gas-try-spot","2024-07-23T00:00:00.000000000Z","127","123.5","128","122.6","125.2273404590399","3397.09","12891.6391110134552294128666403279151542","146"
"binance-gas-try-spot","2024-07-24T00:00:00.000000000Z","123.6","121.2","125.9","121.2","124.6578435743516","1256.06","4757.59372878031755141125292008529328012","57"
"binance-gas-try-spot","2024-07-25T00:00:00.000000000Z","122.1","121.2","122.1","116.9","118.4997649878422","1719.06","6158.871855536715969653451591163991167212","106"
"binance-gas-try-spot","2024-07-26T00:00:00.000000000Z","121.1","126.1","126.1","121.1","124.677122990433","4663.94","17569.159051647819569009790524765788866168","218"
"binance-gas-try-spot","2024-07-27T00:00:00.000000000Z","126.1","128.3","128.6","125.8","126.3631092345211","5494.6","20956.783009139730320885862265919357968","250"
"binance-gas-try-spot","2024-07-28T00:00:00.000000000Z","127.7","126.3","128.2","124.7","126.5380842312553","1432.01","5467.814044957763651970336629067144297","96"
"binance-gas-try-spot","2024-07-29T00:00:00.000000000Z","126.8","127.3","129.1","126.2","127.0441803467322","5214.4","20012.8615129644590753789756850829838734","198"
"binance-gas-try-spot","2024-07-30T00:00:00.000000000Z","127.3","123.4","128.5","121.5","125.743161121044","2153.35","8163.9942397285434868786782984248153675","395"
"binance-gas-try-spot","2024-07-31T00:00:00.000000000Z","123","120.1","125.5","119.4","123.6284329325196","1489.47","5547.1132382218060168542888680837793737","693"
"binance-gas-try-spot","2024-08-01T00:00:00.000000000Z","120.1","118.5","120.9","109.6","117.0693284063904","1455.94","5128.891924899608666404575040407370848886","576"
"binance-gas-try-spot","2024-08-02T00:00:00.000000000Z","117.2","112.7","117.7","111.2","113.1841445648486","1002.18","3399.243424254888045245831641568754702","173"
"binance-gas-try-spot","2024-08-03T00:00:00.000000000Z","113.2","108.1","113.7","106.2","111.0269400360937","1074.98","3559.9882993706131144795922441366015714","102"
"binance-gas-try-spot","2024-08-04T00:00:00.000000000Z","107.9","103.7","109","100","103.6646016349665","2688.74","8261.8044214425570858658868261849985922","478"
"binance-gas-try-spot","2024-08-05T00:00:00.000000000Z","103.1","95.5","103.1","85.6","91.55335477608008","5655.37","15120.1393812663429537128878408485753041","1322"
"binance-gas-try-spot","2024-08-06T00:00:00.000000000Z","95.9","99.6","100.9","95.9","99.23848841412789","5034.58","14814.8161216669721966244181219016961814","442"
"binance-gas-try-spot","2024-08-07T00:00:00.000000000Z","99.6","98.4","102.6","96.9","99.18193487476964","2203.14","6497.9013423775692758751780843968184703","100"
"binance-gas-try-spot","2024-08-08T00:00:00.000000000Z","98.1","118.5","122.1","97","115.5819293528153","136436.01","469339.0196610905569346999445127742019606","3578"
"binance-gas-try-spot","2024-08-09T00:00:00.000000000Z","117","123.1","129","115.9","122.7719667129961","116808.35","427204.19304076417129753574857454014938386","3276"
"binance-gas-try-spot","2024-08-10T00:00:00.000000000Z","124.3","121.6","125.1","120","121.695880533804","18492.93","66841.4131759452921160208418140305904488","718"
"binance-gas-try-spot","2024-08-11T00:00:00.000000000Z","121.4","113","122.1","112.2","119.1864107844235","8124.31","28737.6770096522025281483268280674657444","527"
"binance-gas-try-spot","2024-08-12T00:00:00.000000000Z","115.2","113","115.5","109.6","112.8370522318439","4555.65","15278.697910013983229536359700258108908252","190"
"binance-gas-try-spot","2024-08-13T00:00:00.000000000Z","113","111.7","113","108.6","110.6632416332118","2702.65","8900.9211515589548690891524760274394983","136"
"binance-gas-try-spot","2024-08-14T00:00:00.000000000Z","111.3","110.6","112.1","109.4","111.0904750474087","833.18","2755.7010189404474171942555239376230975","78"
"binance-gas-try-spot","2024-08-15T00:00:00.000000000Z","111","107.9","111.8","105.5","110.1179701806523","3156.34","10304.9143852392773521767868301435904388","129"
"binance-gas-try-spot","2024-08-16T00:00:00.000000000Z","107.8","108","110.5","105.6","107.9515246049454","3038.82","9689.1357059983369391157713457436118208","159"
"binance-gas-try-spot","2024-08-17T00:00:00.000000000Z","108.3","108.3","108.8","107.9","108.291776156612","1632.57","5217.75508824564491602207587","91"
"binance-gas-try-spot","2024-08-18T00:00:00.000000000Z","108.3","108.7","110.2","105.9","109.0688027924394","3540.99","11406.746782374854440560350847810745968948","150"
"binance-gas-try-spot","2024-08-19T00:00:00.000000000Z","107.7","110.8","111.2","107.3","110.0125644166443","2759.38","8963.3627616905124035014926354241543374","158"
"binance-gas-try-spot","2024-08-20T00:00:00.000000000Z","111.9","114.3","115","111.5","113.6250422647076","881.35","2958.82114671221531578698845492625847079","107"
"binance-gas-try-spot","2024-08-21T00:00:00.000000000Z","114.3","115.6","117","113.7","115.1931727370081","868.43","2945.073436186671677726005545254857331","80"
"binance-gas-try-spot","2024-08-22T00:00:00.000000000Z","115.6","116.3","117.1","114.8","116.2630762681916","2490.16","8525.7914564865825320433366438631996137","115"
"binance-gas-try-spot","2024-08-23T00:00:00.000000000Z","116.3","131.1","136.2","116.3","128.9602142900104","10474.59","39661.3284843705365433411334627034615531","863"
"binance-gas-try-spot","2024-08-24T00:00:00.000000000Z","134.7","131","134.7","130.2","131.8000317477991","6646.13","25753.21624421005619250800636836161344402","297"
"binance-gas-try-spot","2024-08-25T00:00:00.000000000Z","131.9","126.5","131.9","123.4","126.357541779588","3169.61","11747.3825048743404309033873571790156766","278"
"binance-gas-try-spot","2024-08-26T00:00:00.000000000Z","126.4","119.5","127.5","119","122.7970892402477","1908.78","6881.0940199041355408174643505029624279","88"
"binance-gas-try-spot","2024-08-27T00:00:00.000000000Z","120.2","113.5","122","112","119.0440211471349","1441.33","5029.5241068660234692308946149189294632","129"
"binance-gas-try-spot","2024-08-28T00:00:00.000000000Z","112.6","111.9","116.4","109","111.9315376662547","1286.43","4215.6632067513269140703619197864804046","181"
"binance-gas-try-spot","2024-08-29T00:00:00.000000000Z","112.5","113.2","116.4","111.9","114.1062648078927","1928.87","6449.8787783038895852588582276293265698","120"
"binance-gas-try-spot","2024-08-30T00:00:00.000000000Z","113","114.2","114.7","109.3","113.2113899427689","18039.16","59328.2130712457440219795340201953657044","598"
"binance-gas-try-spot","2024-08-31T00:00:00.000000000Z","114.7","112.5","114.7","111.4","113.3577309857703","4269.96","14069.87542813992214057921148642561838085","178"
"binance-gas-try-spot","2024-09-01T00:00:00.000000000Z","111.3","108.3","111.7","107.4","110.4758564437194","159.38","510.8283653886303011690796620636167388","34"
"binance-gas-try-spot","2024-09-02T00:00:00.000000000Z","108.5","110.4","111.7","107.8","109.0958586033616","346.26","1102.8261204305406765720483302651871564","35"
"binance-gas-try-spot","2024-09-03T00:00:00.000000000Z","110.7","106.6","116.7","106.6","110.9151242840889","1555.71","5045.3854301013266836824179667873717835","84"
"binance-gas-try-spot","2024-09-04T00:00:00.000000000Z","106.1","108.3","108.3","101.2","104.8661182456991","412.7","1269.4937278575934245365646151629606888","51"
"binance-gas-try-spot","2024-09-05T00:00:00.000000000Z","108.3","105.1","108.6","104.2","105.8795670383906","13076.91","40660.83109960568618541911392115629285248","423"
"binance-gas-try-spot","2024-09-06T00:00:00.000000000Z","104.5","102.9","106.6","99.5","103.7692813248735","1803.04","5470.7393064454023659686126610816144831","317"
"binance-gas-try-spot","2024-09-07T00:00:00.000000000Z","104.2","106.1","107.3","104.2","106.0548409430906","808.83","2497.1140476777205607168150903723715824","375"
"binance-gas-try-spot","2024-09-08T00:00:00.000000000Z","106.1","108.2","109.5","106.1","107.5071958595747","160.37","503.3049320232537643038543233297543446","234"
"binance-gas-try-spot","2024-09-09T00:00:00.000000000Z","109","110.5","110.5","107.7","109.3171316120272","2975.26","9509.212962027551053165110230234021274168","102"
"binance-gas-try-spot","2024-09-10T00:00:00.000000000Z","110.4","112.3","113","110.4","111.7329096857308","6000.27","19658.5850749594667045057617717201985779","186"
"binance-gas-try-spot","2024-09-11T00:00:00.000000000Z","112.1","111.4","112.1","108.1","110.2368580843903","5398.49","17467.028940547614589936593829209907062","308"
"binance-gas-try-spot","2024-09-12T00:00:00.000000000Z","111.1","114.2","114.2","111.1","112.8106611047476","584.93","1942.3649890786671377937077749873168256","29"
"binance-gas-try-spot","2024-09-13T00:00:00.000000000Z","113.4","114.8","115.2","112","113.4775646045419","3677.76","12291.9946583716240177050230688253994268","176"
"binance-gas-try-spot","2024-09-14T00:00:00.000000000Z","115.3","113.6","115.3","113.4","114.0642614197988","1284.83","4308.271459639368452360282670470482902872","42"
"binance-gas-try-spot","2024-09-15T00:00:00.000000000Z","113.9","110.4","114.5","110","113.0065173196228","762.43","2530.3220911815104081793036166817093768","52"
"binance-gas-try-spot","2024-09-16T00:00:00.000000000Z","110.2","107.1","111.1","107.1","109.6315922506432","660.7","2127.1375734705645565176940503899398247","53"
"binance-gas-try-spot","2024-09-17T00:00:00.000000000Z","108.1","111.5","112.7","108.1","111.4662674501291","801.57","2617.851768838260402129553487275203756","52"
"binance-gas-try-spot","2024-09-18T00:00:00.000000000Z","113","113.2","113.2","108","111.4643839650752","577.24","1883.3623794172197230734070194661205225","73"
"binance-gas-try-spot","2024-09-19T00:00:00.000000000Z","114","117.5","117.7","113.3","114.882775005667","3485.11","11788.52040146021609561240883874230938295","110"
"binance-gas-try-spot","2024-09-20T00:00:00.000000000Z","118","132.8","140.6","118","133.1809886710798","558701.08","2183653.7627284472878049586122549531853234","8532"
"binance-gas-try-spot","2024-09-21T00:00:00.000000000Z","132.8","141.1","154.3","128.9","143.40646605882","470439.89","1970962.6135824128021454115192342030203225","6839"
"binance-gas-try-spot","2024-09-22T00:00:00.000000000Z","140.2","127.8","140.2","124.6","131.107130011998","50925.3","195139.3708730673921810009808289504143555","1216"
"binance-gas-try-spot","2024-09-23T00:00:00.000000000Z","127.2","131.4","133","125.6","130.750490349141","11625.39","44466.6331148468326562903246468783582146","283"
"binance-gas-try-spot","2024-09-24T00:00:00.000000000Z","132.9","134.4","134.7","129.6","132.9827868652522","6149.49","23951.3524791245322810318627831399117241","233"
"binance-gas-try-spot","2024-09-25T00:00:00.000000000Z","133.6","132.3","134.8","130","132.3225359148708","8907.87","34573.942475271670941561741038541376505096","278"
"binance-gas-try-spot","2024-09-26T00:00:00.000000000Z","131","136","137.5","130.4","135.5591422535849","8397.82","33322.1333598387685690396221287282693421","321"
"binance-gas-try-spot","2024-09-27T00:00:00.000000000Z","136.4","137.4","138.1","135.6","137.0350619729991","4774.66","19166.41130774198094819241398753087806234","537"
"binance-gas-try-spot","2024-09-28T00:00:00.000000000Z","137.9","141.5","152.4","137.8","146.4505828206758","209711.16","897292.2920282463434631078536405026615051","4740"
"binance-gas-try-spot","2024-09-29T00:00:00.000000000Z","140.9","139.2","141.9","136.8","138.9093180847346","4635.18","18812.5251470045899633950486300120686581","387"
"binance-gas-try-spot","2024-09-30T00:00:00.000000000Z","139.6","138.2","147.1","134.9","142.5344633736078","14945.78","62310.6271744063435008400722371785143732","470"
"binance-gas-try-spot","2024-10-01T00:00:00.000000000Z","137.7","130","140.3","124","136.1458917791331","11298.93","44920.5687471173930563255139122164450136","371"
"binance-gas-try-spot","2024-10-02T00:00:00.000000000Z","130.6","123.7","133.5","120.8","128.0800064316724","1679.19","6267.5879369768462141641302327286498683","107"
"binance-gas-try-spot","2024-10-03T00:00:00.000000000Z","124","123.9","124.5","119","121.7941812564367","932.16","3312.1284841295986243314383497121376067","94"
"binance-gas-try-spot","2024-10-04T00:00:00.000000000Z","124.3","129.3","129.6","124.1","127.0547982847713","9894.89","36652.2476238299940045067429087316947725","329"
"binance-gas-try-spot","2024-10-05T00:00:00.000000000Z","129","130.9","131","127.9","130.6686553726421","2965.58","11237.8532652196068409134953577353018329","143"
"binance-gas-try-spot","2024-10-06T00:00:00.000000000Z","130.8","136.1","138","130.8","134.8807926081495","47743.39","186902.25899126359831293380301057080323398","1578"
"binance-gas-try-spot","2024-10-07T00:00:00.000000000Z","135.9","132.9","137.3","75.8","134.7338705747464","9480.53","37430.0270434929113873773779874137269927","442"
"binance-gas-try-spot","2024-10-08T00:00:00.000000000Z","132.9","146.8","148.9","132.5","143.1624937227569","159783.52","665707.354693448778534650125219776424455171","3260"
"binance-gas-try-spot","2024-10-09T00:00:00.000000000Z","146.5","138.8","151.4","136.5","147.2219888075522","106607.6","457297.8975956230203146934178848956387145","2440"
"binance-gas-try-spot","2024-10-10T00:00:00.000000000Z","137.9","147.3","166","136.5","152.8133701986364","166633.65","742925.217719232932090350235371480550263","3816"
"binance-gas-try-spot","2024-10-11T00:00:00.000000000Z","147.7","154.7","163.1","147.7","154.0901696188417","59028.23","265182.1280749323075023167105406944160722","1521"
"binance-gas-try-spot","2024-10-12T00:00:00.000000000Z","155.4","152.6","158.4","150.5","153.3309541542618","20166.76","90011.0138000243615319622580715031382461","399"
"binance-gas-try-spot","2024-10-13T00:00:00.000000000Z","153.3","148.3","153.6","146","148.3019180963356","7150.84","30890.3125053167228430659127686264486306","196"
"binance-gas-try-spot","2024-10-14T00:00:00.000000000Z","147.4","153.2","153.3","144.6","150.9607501110016","10382.73","45717.2234206813522946337126206228410646","303"
"binance-gas-try-spot","2024-10-15T00:00:00.000000000Z","152.3","149.5","152.3","141.9","147.4711618281382","8601.1","36989.0297872163216940241360979427213833","366"
"binance-gas-try-spot","2024-10-16T00:00:00.000000000Z","148.7","155.6","161.1","148","156.0175091374465","164356.64","748620.4677425550893825768692450778007148","2872"
"binance-gas-try-spot","2024-10-17T00:00:00.000000000Z","156.5","148.6","159","146.8","150.0073672221875","15040.54","65934.266080657079528547857044812391279","366"
"binance-gas-try-spot","2024-10-18T00:00:00.000000000Z","149.2","151.5","151.5","147.3","149.4931458799655","2631.41","11484.9118704591740396542288588343368423","123"
"binance-gas-try-spot","2024-10-19T00:00:00.000000000Z","152.2","152.2","155","149.6","152.6057935442226","5019.38","22302.7255534378644109214278417346082685","199"
"binance-gas-try-spot","2024-10-20T00:00:00.000000000Z","151.5","154.7","158.4","150.5","153.4127762678641","18345.42","82012.1976917002849665193587854775127242","497"
"binance-gas-try-spot","2024-10-21T00:00:00.000000000Z","155","148.3","155","146.4","150.4534034171313","4119.83","18075.157064725856323189723952048902970652","184"
"binance-gas-try-spot","2024-10-22T00:00:00.000000000Z","147.4","146","147.5","142.6","144.1489675201518","1687.2","7091.2090690706250201155254476460997729","120"
"binance-gas-try-spot","2024-10-23T00:00:00.000000000Z","146.4","141","147.1","136.8","140.7785981369138","1692.89","6938.503145210771593493140227402210648","140"
"binance-gas-try-spot","2024-10-24T00:00:00.000000000Z","141.6","141.3","143","139.2","141.3252685138786","2853.67","11747.5561474701007105247904543622583985","150"
"binance-gas-try-spot","2024-10-25T00:00:00.000000000Z","141","131.7","141","127.9","138.7113621098823","2233.3","9015.341019342007730753296328259208781235","120"
"binance-gas-try-spot","2024-10-26T00:00:00.000000000Z","134.1","134.2","137.5","132.1","135.2718839541547","1088.88","4261.861965392335484745566583026256523","56"
"binance-gas-try-spot","2024-10-27T00:00:00.000000000Z","133.6","136.4","137.2","132.9","135.305156475469","443.52","1736.460333182020082892141348462316955832","139"
"binance-gas-try-spot","2024-10-28T00:00:00.000000000Z","136","135.7","136.6","131.4","134.4569993833143","908.08","3539.526605328321837730254811449106631","53"
"binance-gas-try-spot","2024-10-29T00:00:00.000000000Z","135.7","138.9","140","135.7","137.776950283464","1744.49","6981.97528881478155325507437304090964262","99"
"binance-gas-try-spot","2024-10-30T00:00:00.000000000Z","138.7","137.9","139.4","136.7","137.3125988029036","2355.7","9414.624072889369826845732605992942768804","571"
"binance-gas-try-spot","2024-10-31T00:00:00.000000000Z","138.3","129.7","138.9","129.6","133.598213016496","1885.3","7341.4617782719179407468688009840852807","711"
"binance-gas-try-spot","2024-11-01T00:00:00.000000000Z","130.3","127.5","131.8","127.4","129.8834451833323","327.82","1234.5433694157819647211829099355931254","46"
"binance-gas-try-spot","2024-11-02T00:00:00.000000000Z","129.4","126.8","129.7","126.6","128.3240490855235","212.69","788.9271610956303391348318063755977465","30"
"binance-gas-try-spot","2024-11-03T00:00:00.000000000Z","126.8","123.3","126.8","121.5","123.6452447019362","327.95","1168.7649465301779101077714039428683504","61"
"binance-gas-try-spot","2024-11-04T00:00:00.000000000Z","123","117.9","125","117.8","121.308138468125","490.51","1719.731764693757311456688726817717652","53"
"binance-gas-try-spot","2024-11-05T00:00:00.000000000Z","120.2","122.3","123.6","120.1","121.9266082754455","2648.8","9380.4741201157238268846661340050620619","92"
"binance-gas-try-spot","2024-11-06T00:00:00.000000000Z","124.5","132.9","133.2","124.5","129.3219497305573","5028.9","18971.5840044917620252446164862702276432","480"
"binance-gas-try-spot","2024-11-07T00:00:00.000000000Z","132.8","135.4","136.3","130.4","132.724682456832","8927.92","34611.2404501795631190539532052575247706","331"
"binance-gas-try-spot","2024-11-08T00:00:00.000000000Z","136.4","135.4","136.4","131.8","132.8190808589653","1163.26","4497.53206825760218636170048545240772972","87"
"binance-gas-try-spot","2024-11-09T00:00:00.000000000Z","135.3","139","139","133.7","135.8689248746563","494.64","1950.4204764755529000864311070444819631","149"
"binance-gas-try-spot","2024-11-10T00:00:00.000000000Z","138.9","146.1","151","137.2","146.6750650460706","35893.79","153062.276112356849008603856799169729656389","1512"
"binance-gas-try-spot","2024-11-11T00:00:00.000000000Z","147.5","156.2","156.6","143.6","150.7816799803054","11779.9","51753.4394675822154823738248995333694456","1103"
"binance-gas-try-spot","2024-11-12T00:00:00.000000000Z","156.7","156.9","184.7","148.4","170.3555322014313","80276.09","398150.465192767803475139778628925434424","4459"
"binance-gas-try-spot","2024-11-13T00:00:00.000000000Z","156.6","148","161.3","142.6","149.2685444497338","7793.41","33758.695292291311721366024185851458061","837"
"binance-gas-try-spot","2024-11-14T00:00:00.000000000Z","154.3","147.1","162.2","145.9","154.4682192714314","21659.73","97273.5674551221494947535782453442852146","1727"
"binance-gas-try-spot","2024-11-15T00:00:00.000000000Z","148.7","155.4","155.4","143","149.2390221938183","13769.6","59289.6368345858947645213367780235410743","1588"
"binance-gas-try-spot","2024-11-16T00:00:00.000000000Z","155.6","177.7","183.4","154.3","172.0341893774027","101688.69","506433.6151264972494531446579883657246351","4992"
"binance-gas-try-spot","2024-11-17T00:00:00.000000000Z","177.9","170.7","180.6","167.2","172.7469904191757","18701.94","93433.7240597102392011392352337455395782","1525"
"binance-gas-try-spot","2024-11-18T00:00:00.000000000Z","170.2","176.8","179.9","169.4","173.7930315563345","10464.46","52513.1719919398001241031334207088922118","722"
"binance-gas-try-spot","2024-11-19T00:00:00.000000000Z","177","173.4","181.3","169.2","177.9198944044212","7093.1","36420.8090355369555370585880932498661697","478"
"binance-gas-try-spot","2024-11-20T00:00:00.000000000Z","169.7","164.1","170.5","161","165.0662294168589","1651.23","7877.1146597067448720908067706817698938","255"
"binance-gas-try-spot","2024-11-21T00:00:00.000000000Z","164.1","171.5","173.7","158.9","168.4027089247079","2814.77","13718.0297956871860534105286343141804958","558"
"binance-gas-try-spot","2024-11-22T00:00:00.000000000Z","169.3","174.3","174.6","164.1","169.3335280570873","3083","15070.4224916357575142361954900592564656","228"
"binance-gas-try-spot","2024-11-23T00:00:00.000000000Z","174.4","179.9","186","174.3","179.9884889433159","16323.61","84988.320573629524591514746937049724925","1852"
"binance-gas-try-spot","2024-11-24T00:00:00.000000000Z","179","209","237.8","77","213.3265701358333","208693.25","1288041.011191842597729350848488349796070725","7767"
"binance-gas-try-spot","2024-11-25T00:00:00.000000000Z","210.9","200","210.9","192.8","201.6395943956487","27224.56","158181.7180547467420363032887508134364254","1084"
"binance-gas-try-spot","2024-11-26T00:00:00.000000000Z","200.3","193","210","181.9","201.2448167736944","16156.25","93632.7684013107710094860183544456296209","848"
"binance-gas-try-spot","2024-11-27T00:00:00.000000000Z","192.8","206","206","189.3","196.270447270041","1786.84","10106.2997905369869380771129069213745263","225"
"binance-gas-try-spot","2024-11-28T00:00:00.000000000Z","202.3","199.6","202.8","194.4","198.045811534287","1639.98","9376.814190080909599140713232140850028836","193"
"binance-gas-try-spot","2024-11-29T00:00:00.000000000Z","198.2","208.5","212.2","195.2","204.8878773861148","8776.82","51898.5446589864306683520699529574737251","632"
"binance-gas-try-spot","2024-11-30T00:00:00.000000000Z","206","212.4","218.4","205.5","213.1370472990753","14364.34","88365.5861766472225792598529946914015365","814"
"binance-gas-try-spot","2024-12-01T00:00:00.000000000Z","211.6","212.8","215.6","204.1","208.7552675825719","2955.91","17791.9667092536251459125749644962596164","267"
"binance-gas-try-spot","2024-12-02T00:00:00.000000000Z","215","217.5","226.2","196.7","211.6032460143601","9043.09","55130.5136552776009911868564203063937822","778"
"binance-gas-try-spot","2024-12-03T00:00:00.000000000Z","215.1","260","266.8","203.2","232.2727944545933","21014.87","140247.7786388979210154637564616342536761","1465"
"binance-gas-try-spot","2024-12-04T00:00:00.000000000Z","261.3","237.6","261.3","232.9","243.3184578545863","11167.17","78172.9207051983742283278072582639693312","718"
"binance-gas-try-spot","2024-12-05T00:00:00.000000000Z","236.4","231.9","245.5","225","234.861562222447","14231.52","96120.3466298888119476133333792775281288","876"
"binance-gas-try-spot","2024-12-06T00:00:00.000000000Z","229.9","233.5","238.2","220","230.2934272557657","6206.54","40995.1148797985216995399286002057888509","524"
"binance-gas-try-spot","2024-12-07T00:00:00.000000000Z","235.7","237","245","233.1","238.1464482533001","11860.08","81017.3510954064591659073251156478668171","826"
"binance-gas-try-spot","2024-12-08T00:00:00.000000000Z","234.1","234.8","235.9","228.7","232.6750527993952","4867.48","32443.3829967356265039041013320720400236","241"
"binance-gas-try-spot","2024-12-09T00:00:00.000000000Z","235.9","196.3","243.3","170.2","217.8175145760668","12405.61","77360.8840351174134164042110940129333871","846"
"binance-gas-try-spot","2024-12-10T00:00:00.000000000Z","191.4","186.7","196.9","170.2","185.4866729067823","4348.21","22949.6074042924027339822838559139456488","445"
"binance-gas-try-spot","2024-12-11T00:00:00.000000000Z","187","198.3","199.5","176.1","190.8411642509353","3191.58","17421.1382084106649825147399324371854835","397"
"binance-gas-try-spot","2024-12-12T00:00:00.000000000Z","197.2","205.6","212.6","196.3","207.3113565966116","14175.99","84249.8752109414524297161725092155270907","565"
"binance-gas-try-spot","2024-12-13T00:00:00.000000000Z","206.1","203.4","206.7","198","202.4532818239941","1845.62","10699.2569755060726391049765198457203375","228"
"binance-gas-try-spot","2024-12-14T00:00:00.000000000Z","202.9","194.4","204","189.7","201.2078884360788","4402.14","25293.2946525000407987621973257780129066","307"
"binance-gas-try-spot","2024-12-15T00:00:00.000000000Z","193.7","198.2","199.5","188.6","195.5287362697174","1929.13","10725.0281539225725720469759355980721896","179"
"binance-gas-try-spot","2024-12-16T00:00:00.000000000Z","200.5","189","200.9","185.9","189.9692405221411","3202.2","17381.2317901430845679017907709690964139","135"
"binance-gas-try-spot","2024-12-17T00:00:00.000000000Z","189.4","182.1","190.5","179.4","186.327469472307","2751.6","14632.717680166265215550771607963224569769","227"
"binance-gas-try-spot","2024-12-18T00:00:00.000000000Z","181.9","166.5","182.8","165.6","173.5864992866822","2236.03","11051.5090034190395800063162752099895353","217"
"binance-gas-try-spot","2024-12-19T00:00:00.000000000Z","166.3","157.1","169.2","150","157.9823513168901","3693.93","16564.9147217316970765736309842009220808","205"
"binance-gas-try-spot","2024-12-20T00:00:00.000000000Z","155.9","161.7","162.1","139","155.0969570154095","8014.5","35079.248185824545406449937827361923628","372"
"binance-gas-try-spot","2024-12-21T00:00:00.000000000Z","161.6","153.4","170","152.3","160.5838353834774","2622.58","11883.6236251830041672451254527977982424","154"
"binance-gas-try-spot","2024-12-22T00:00:00.000000000Z","156.4","161.1","168.1","153.9","162.294819714343","12256.66","55895.382650883177559479945701306605752","398"
"binance-gas-try-spot","2024-12-23T00:00:00.000000000Z","159","167.2","169.6","155.9","162.1306160872014","3356.83","15393.7935030272383905238961757761196784","155"
"binance-gas-try-spot","2024-12-24T00:00:00.000000000Z","167.4","173.7","175.8","165.6","170.7230056717971","1576.22","7630.4283920949830618515577273016805006","112"
"binance-gas-try-spot","2024-12-25T00:00:00.000000000Z","171.9","167","174.2","167","170.6992843201041","1859.77","8987.3926662739008884274426637715159022","102"
"binance-gas-try-spot","2024-12-26T00:00:00.000000000Z","169.1","156.7","169.1","154.7","158.0459438016985","2899.02","12954.2972763224130681292337159717687313","173"
"binance-gas-try-spot","2024-12-27T00:00:00.000000000Z","156.4","158.1","163.9","156.4","160.9026413148095","2462.41","11229.504457012502644396075052588215034","130"
"binance-gas-try-spot","2024-12-28T00:00:00.000000000Z","160.9","169","170","160.9","164.38525893796","1065.12","4953.7529643406253101530659875387256081","96"
"binance-gas-try-spot","2024-12-29T00:00:00.000000000Z","167.9","159.4","168.5","159.1","164.1122832411644","6583.93","30579.0280568054775912468554132327359053","207"
"binance-gas-try-spot","2024-12-30T00:00:00.000000000Z","160.1","159","165.7","155.9","159.1173644461303","19113.25","85939.0195156694621276183968975399044628","974"
"binance-gas-try-spot","2024-12-31T00:00:00.000000000Z","158.7","156.9","162.9","156","157.9731780004048","1976.4","8814.71697525005041734406500279972712486","143"
"binance-gas-try-spot","2025-01-01T00:00:00.000000000Z","160.1","162.2","162.2","155.3","159.9090919336419","1330.96","5996.1080185787921254105199160790180429","65"
"binance-gas-try-spot","2025-01-02T00:00:00.000000000Z","161.9","166.5","167.1","161.7","164.991430726522","2571.98","11997.7069183979637038405854797680435409","136"
"binance-gas-try-spot","2025-01-03T00:00:00.000000000Z","166","177.3","178","160","169.1716103023701","4847.04","23267.0879785029675508426171507883306047","253"
"binance-gas-try-spot","2025-01-04T00:00:00.000000000Z","177.9","180.9","184.7","175.1","180.6783274562801","5586.7","28542.6418357734652299617998922683679327","240"
"binance-gas-try-spot","2025-01-05T00:00:00.000000000Z","181.8","182.5","182.5","178","180.0841156864494","5382.48","27399.1112872972803143672078627561147408","139"
"binance-gas-try-spot","2025-01-06T00:00:00.000000000Z","182.5","189.3","193.2","180.2","189.4045849550763","28308.02","151662.756785787673200652537674862877074","1018"
"binance-gas-try-spot","2025-01-07T00:00:00.000000000Z","188.2","172.1","190.9","171","182.7005735594614","10316.28","53267.1020895423033079960652121307322076","441"
"binance-gas-try-spot","2025-01-08T00:00:00.000000000Z","173.6","190.5","222.3","165","194.3238730460006","628795.63","3441554.8293270711125076628543429213269333","18558"
"binance-gas-try-spot","2025-01-09T00:00:00.000000000Z","190.1","213.7","244.9","188.5","213.6581474000676","1154673.69","6964409.3511638575458499550423701186828992","33013"
"binance-gas-try-spot","2025-01-10T00:00:00.000000000Z","213.7","189.5","219.1","181.1","191.5125133016526","461982.07","2498344.9008322215507746608941425246602941","10025"
"binance-gas-try-spot","2025-01-11T00:00:00.000000000Z","189.5","196.2","199.8","181.9","194.3297535324349","262804.56","1437429.2843536384583578572895699874940485","5853"
"binance-gas-try-spot","2025-01-12T00:00:00.000000000Z","196","186.1","196","184.5","188.8139957104131","73139.91","389032.6790273256601784447766508157256593","1894"
"binance-gas-try-spot","2025-01-13T00:00:00.000000000Z","186.1","179.8","198","165.8","179.38249693495","59819.58","302100.25658722607204760811615959651453644","1734"
"binance-gas-try-spot","2025-01-14T00:00:00.000000000Z","178.7","192.4","196.1","177.8","190.002602525243","59755.04","319676.2841953216579910390755375639931751","1352"
"binance-gas-try-spot","2025-01-15T00:00:00.000000000Z","191.2","192.9","193.8","182.3","189.9685306495647","37229.24","199291.18984415105053745694091126498822796","1037"
"binance-gas-try-spot","2025-01-16T00:00:00.000000000Z","192.9","187.1","192.9","184","188.3375592507862","27271.79","144974.0385875389886065961028758849407485","922"
"binance-gas-try-spot","2025-01-17T00:00:00.000000000Z","187.8","192.8","193.5","186.8","190.5743055084131","19149.98","102910.525246103485988399558925217312710224","601"
"binance-gas-try-spot","2025-01-18T00:00:00.000000000Z","192.7","181.6","193.7","178.9","182.4488037747627","17878.74","91652.0112793247210063705592609978145613","483"
"binance-gas-try-spot","2025-01-19T00:00:00.000000000Z","182.4","167.1","184.2","165","175.3304350362506","13541.86","66273.0517188186616943400735853942978261","574"
"binance-gas-try-spot","2025-01-20T00:00:00.000000000Z","165.9","172","182.9","164.4","175.8037288378747","22723.97","111473.5546757182541679131466645473288912","964"
"binance-gas-try-spot","2025-01-21T00:00:00.000000000Z","169.2","173.6","177.1","166.7","171.7900579500181","6515.96","31324.5969556348553812779751724237017262","308"
"binance-gas-try-spot","2025-01-22T00:00:00.000000000Z","174.1","168.7","175","168","171.5506461547649","7367.43","35403.3774731293844834964538529309268904","302"
"binance-gas-try-spot","2025-01-23T00:00:00.000000000Z","168.2","166.9","170.2","162.8","166.4958593336197","11988.65","55876.508311298793324978959050359916201441","261"
"binance-gas-try-spot","2025-01-24T00:00:00.000000000Z","167.6","166.4","172.5","162.2","168.6246009311606","3969.24","18765.9455692786615984622579547768197485","162"
"binance-gas-try-spot","2025-01-25T00:00:00.000000000Z","165.9","171.1","172","165","169.612182190249","11205.21","53098.274365709750999848405267712239918358","244"
"binance-gas-try-spot","2025-01-26T00:00:00.000000000Z","170.4","168.9","176.3","168.9","173.3464613780582","5006.61","24257.7852963327005670041935463716470153","200"
"binance-gas-try-spot","2025-01-27T00:00:00.000000000Z","166","166.6","174.4","155.2","168.467592903148","7632.68","35980.31647244986183071141077047147077108","324"
"binance-gas-try-spot","2025-01-28T00:00:00.000000000Z","167.9","160.6","168.4","158.9","165.0131402899958","2553.14","11775.6577859764034924968653605153941106","116"
"binance-gas-try-spot","2025-01-29T00:00:00.000000000Z","160.8","165.6","167.1","159.7","163.2220851434865","1307.44","5961.610617012596786566850406486971633","108"
"binance-gas-try-spot","2025-01-30T00:00:00.000000000Z","162.7","169","171.7","162.7","168.2987011520216","1239.56","5832.9332984245614109409431486623698911","92"
"binance-gas-try-spot","2025-01-31T00:00:00.000000000Z","169.5","168.2","176.4","166.7","171.4288589887696","8994.39","43121.0424120469174041574837719138227129","356"
"binance-gas-try-spot","2025-02-01T00:00:00.000000000Z","171.3","159.7","179.1","158.6","175.070756673699","24183.74","117824.5013033211893686184424461226063252","1062"
"binance-gas-try-spot","2025-02-02T00:00:00.000000000Z","160","141","162.7","135.9","152.291738137234","5686.49","23965.587860163615280649089465526820023033","330"
"binance-gas-try-spot","2025-02-03T00:00:00.000000000Z","139","147.4","147.4","110.9","131.4459521190973","6628.53","23900.7345271215183722786321717586602064","450"
"binance-gas-try-spot","2025-02-04T00:00:00.000000000Z","150","139.8","150.8","136.1","140.6806105440912","2285.83","8933.2307880332683626944627375984095387","172"
"binance-gas-try-spot","2025-02-05T00:00:00.000000000Z","139.4","137.8","142.9","136.2","139.9593814919205","1781.06","6927.0838152308701551218552159098779141","97"
"binance-gas-try-spot","2025-02-06T00:00:00.000000000Z","138.3","133.1","140.4","132.1","136.0766915755359","2835.67","10721.9122552819673763900559676276121816","175"
"binance-gas-try-spot","2025-02-07T00:00:00.000000000Z","133.1","133.7","140.3","132.2","135.703909075254","1684.03","6342.6912812444534802231181922462338262","139"
"binance-gas-try-spot","2025-02-08T00:00:00.000000000Z","134.6","138.5","139.6","134.6","136.3367127437985","792.15","2985.227314038499174596064128493708354","82"
"binance-gas-try-spot","2025-02-09T00:00:00.000000000Z","139","139.2","146.2","134.1","139.9271647229709","5955.15","23053.8488350429551428914549176875469661","235"
"binance-gas-try-spot","2025-02-10T00:00:00.000000000Z","140.4","142.5","143","136.5","140.7917573607789","1116.39","4357.7882156331845419196783223728986626","80"
"binance-gas-try-spot","2025-02-11T00:00:00.000000000Z","143.8","141.6","147.4","138.9","143.346288291816","1327.96","5274.9241535904652163839898965017485434","85"
"binance-gas-try-spot","2025-02-12T00:00:00.000000000Z","140.8","147.1","147.6","137.3","143.4573417406959","5271.57","20960.5597596481946515238445114237261447","200"
"binance-gas-try-spot","2025-02-13T00:00:00.000000000Z","146.9","144.2","147","141.7","143.9068767949147","1403.27","5588.153465733322321198496190141714004","161"
"binance-gas-try-spot","2025-02-14T00:00:00.000000000Z","145.2","145.7","147.1","143","145.2954572063153","4646.48","18700.0313478694748612468776830016777017","181"
"binance-gas-try-spot","2025-02-15T00:00:00.000000000Z","145.4","142.6","146","142.6","143.7195212605615","3416.89","13505.195113924415859322003076553425286396","182"
"binance-gas-try-spot","2025-02-16T00:00:00.000000000Z","142.2","145","146.9","141.9","144.8223864908255","7487.06","29740.3041789077464509883709613723951719","276"
"binance-gas-try-spot","2025-02-17T00:00:00.000000000Z","144.7","144.1","151.5","143.5","147.591289943419","31521.15","128019.3473141406590112746120149651750227","737"
"binance-gas-try-spot","2025-02-18T00:00:00.000000000Z","143.9","137.8","144.7","133.9","137.5804311456745","8194.91","31016.4600270548266211663871362565222746","298"
"binance-gas-try-spot","2025-02-19T00:00:00.000000000Z","139","142.7","142.8","137.9","141.0226232306072","19241.77","74680.0227790358399069081197884857608995","1058"
"binance-gas-try-spot","2025-02-20T00:00:00.000000000Z","142.7","145.3","146","142.6","144.490232046396","15087.5","60033.3484594819906583848557004652524507","769"
"binance-gas-try-spot","2025-02-21T00:00:00.000000000Z","145.6","141.7","149.3","139.2","146.9099605186563","13261.96","53663.96965762209475509545778336107466628","753"
"binance-gas-try-spot","2025-02-22T00:00:00.000000000Z","143.1","145.8","146","142.9","145.2740349320318","5206.11","20698.2801467279808813507437254710835506","267"
"binance-gas-try-spot","2025-02-23T00:00:00.000000000Z","145.8","144.2","146.7","142.6","144.5042414319821","10023.03","39680.1027280191512666320285740049007556","631"
"binance-gas-try-spot","2025-02-24T00:00:00.000000000Z","144","130.3","144.6","127.8","138.6015879112945","31370.77","119189.2016218472723097787773512188413884","2051"
"binance-gas-try-spot","2025-02-25T00:00:00.000000000Z","126.2","127.9","128.4","118.7","122.1393367602125","25671.56","85718.9677371216588279489292331743748295","1668"
"binance-gas-try-spot","2025-02-26T00:00:00.000000000Z","126","127","128.3","122.4","126.1862269923851","4974.44","17210.8820748299152845927431363682814214","331"
"binance-gas-try-spot","2025-02-27T00:00:00.000000000Z","126.6","126.4","130.6","124.6","128.1414606619977","646.83","2273.6518644742989029588737384269981409","60"
"binance-gas-try-spot","2025-02-28T00:00:00.000000000Z","126.6","123.3","126.8","116.4","120.5268539954487","27364.01","90280.940393583694669816472022186912535","1771"
"binance-gas-try-spot","2025-03-01T00:00:00.000000000Z","123.3","124.6","124.9","120.7","122.8303749134178","13094.49","44071.4885254980775226844769248730877359","835"
"binance-gas-try-spot","2025-03-02T00:00:00.000000000Z","125.4","132","132","122.3","128.3204640260258","4432.51","15661.1623776248223556010852561685280535","239"
"binance-gas-try-spot","2025-03-03T00:00:00.000000000Z","129","117.5","129","114","125.1263886030696","8358.04","28678.1746284228115339645991327560464741","413"
"binance-gas-try-spot","2025-03-04T00:00:00.000000000Z","116.3","114.9","116.9","106","111.1418046371937","8670.33","26358.6235035219118239106145229263722118","602"
"binance-gas-try-spot","2025-03-05T00:00:00.000000000Z","114","117.8","118.1","113","115.5466243174408","10090.7","31924.9216611631259869053245493519547337","459"
"binance-gas-try-spot","2025-03-06T00:00:00.000000000Z","118","116.1","120","113.9","117.3595494307676","9010.38","29002.7119458875740262056355303738744403","504"
"binance-gas-try-spot","2025-03-07T00:00:00.000000000Z","115.9","113.6","118.9","110.5","115.0733837002765","6553.24","20670.5525043150669612086859034971262273","278"
"binance-gas-try-spot","2025-03-08T00:00:00.000000000Z","113.9","112.5","114","111.5","112.9124086819622","2648.71","8172.8408734793203470575283348063086728","94"
"binance-gas-try-spot","2025-03-09T00:00:00.000000000Z","113.3","100.5","113.3","100","106.6831803966996","2529.37","7371.132590642290009015760990337448606","140"
"binance-gas-try-spot","2025-03-10T00:00:00.000000000Z","99.4","98.9","107","95.5","103.137385444366","6419.37","18076.6976521657598494952532959810352666","412"
"binance-gas-try-spot","2025-03-11T00:00:00.000000000Z","96","103.2","105.8","93","103.5593036628998","28849.82","81520.5053460452370570230157959778244308","778"
"binance-gas-try-spot","2025-03-12T00:00:00.000000000Z","103.1","105.1","107.3","99.5","103.0726953819495","7317.59","20581.392915881452965943181902566446807","299"
"binance-gas-try-spot","2025-03-13T00:00:00.000000000Z","105.3","104.4","107","101.8","104.0831575697557","11854.94","33675.558801188270745748902617552848892","521"
"binance-gas-try-spot","2025-03-14T00:00:00.000000000Z","104.5","107.3","107.9","104","106.0872777180487","12779.94","37007.7325560661047831724816189691212477","581"
"binance-gas-try-spot","2025-03-15T00:00:00.000000000Z","107.2","109.1","109.9","107.1","108.2270332269487","5893.71","17370.52581758684267737338278892138182468","149"
"binance-gas-try-spot","2025-03-16T00:00:00.000000000Z","109.3","104.5","109.4","104.3","106.5677934903456","3525.84","10222.9625851364005587391290521855301746","177"
"binance-gas-try-spot","2025-03-17T00:00:00.000000000Z","104.4","107.3","108.5","104.4","106.917393747936","8024.55","23385.0445981565945381959667157808209385","261"
"binance-gas-try-spot","2025-03-18T00:00:00.000000000Z","107.5","109.3","110.6","104.1","108.4639256159671","21902.55","64759.4765747624442636070406294491458528","644"
"binance-gas-try-spot","2025-03-19T00:00:00.000000000Z","109.6","115.6","117.4","109.6","113.0015229717133","28355.09","85574.0581246163540156743040798358884287","1060"
"binance-gas-try-spot","2025-03-20T00:00:00.000000000Z","116","113.5","116","112.4","114.1936143571696","4512.31","13550.7600260504403910411080235969186173","222"
"binance-gas-try-spot","2025-03-21T00:00:00.000000000Z","113.5","111.3","113.7","110.6","111.7602978297909","8580.74","25204.0802925980590553785697871195259758","352"
"binance-gas-try-spot","2025-03-22T00:00:00.000000000Z","111.3","114.9","114.9","111.1","113.4769306544333","2101.36","6239.2411171022809735253767109491488084","81"
"binance-gas-try-spot","2025-03-23T00:00:00.000000000Z","115.1","113.8","116.3","113.4","115.2219437546482","3966.55","11812.0879786184233366563269253710968909","204"
"binance-gas-try-spot","2025-03-24T00:00:00.000000000Z","113.6","114.6","115.8","112.4","114.3136847691491","11023.35","33062.5627959623430310984113374950816989","397"
"binance-gas-try-spot","2025-03-25T00:00:00.000000000Z","115.4","116.1","118","114.8","115.7452483794413","4706.71","14334.4869801363421225950084600781952971","254"
"binance-gas-try-spot","2025-03-26T00:00:00.000000000Z","115.9","114.1","117","114.1","114.9652873897451","2063.4","6239.8480697829308059973156868636284361","105"
"binance-gas-try-spot","2025-03-27T00:00:00.000000000Z","115.5","113.4","115.6","113.1","114.2113546610719","4089.51","12280.621418317526531891788945126590715","162"
"binance-gas-try-spot","2025-03-28T00:00:00.000000000Z","113.8","106.3","115.4","103.9","112.4614156843436","7900.49","23325.4175450059679384099219817753510301","376"
"binance-gas-try-spot","2025-03-29T00:00:00.000000000Z","107.3","102.1","107.4","100.6","104.4333685553008","4343.88","11748.8496902837291279252425985341542741","131"
"binance-gas-try-spot","2025-03-30T00:00:00.000000000Z","102.1","99.6","104","98.7","101.3900798959357","1353.01","3562.837771344877090006616087115502008","67"
"binance-gas-try-spot","2025-03-31T00:00:00.000000000Z","99.7","89.8","100.2","88.8","93.52883668319989","48818.86","119040.1033422870661920083368150294827896","1638"
"binance-gas-try-spot","2025-04-01T00:00:00.000000000Z","90","93.7","98.2","90","93.85618879674763","21016.04","51748.4962238551767686743485119786702483","335"
"binance-gas-try-spot","2025-04-02T00:00:00.000000000Z","92.3","77.5","92.3","75.8","80.38901194569843","124330.11","262001.429861611046943129251063743306027425","2401"
"binance-gas-try-spot","2025-04-03T00:00:00.000000000Z","77.3","78.6","80","74.5","77.54885659791599","37461.45","76420.6494801264575216590094267799332805","735"
"binance-gas-try-spot","2025-04-04T00:00:00.000000000Z","78.9","78.2","79.2","75.7","77.09751578158445","13983.07","28348.8074082023100080866239336043452747","309"
"binance-gas-try-spot","2025-04-05T00:00:00.000000000Z","78.7","77.9","78.9","77.1","77.61921669829222","658.75","1343.2140364913143367385920820672839622","26"
"binance-gas-try-spot","2025-04-06T00:00:00.000000000Z","78.4","74.1","82","72.7","78.88456147590536","39451.31","81652.444198324920540329894205780398137095","565"
"binance-gas-try-spot","2025-04-07T00:00:00.000000000Z","74.5","74.6","77.6","67.2","72.31064425943821","4843.08","9189.5940734840908509239087194981074571","213"
"binance-gas-try-spot","2025-04-08T00:00:00.000000000Z","74.6","74.1","77.5","72.9","75.27413257509564","21516.56","42535.6848444054925875067805681659922079","261"
"binance-gas-try-spot","2025-04-09T00:00:00.000000000Z","74.2","92","112.5","74.2","97.17227257846092","2131001.54","5448544.7436383742871242087683996587909118","33830"
"binance-gas-try-spot","2025-04-10T00:00:00.000000000Z","92.1","125","135.2","91.3","118.0722025596231","1521763.89","4752429.4207933071722783004781852822102139","57205"
"binance-gas-try-spot","2025-04-11T00:00:00.000000000Z","124.8","123.6","132.4","112.8","123.0909450243428","359781.42","1164790.6368311503559663508740656420769917","13736"
"binance-gas-try-spot","2025-04-12T00:00:00.000000000Z","124","126","131.2","111","118.7712414469559","275523.25","860346.5645664651835699850638439164049337","6921"
"binance-gas-try-spot","2025-04-13T00:00:00.000000000Z","125.2","115.7","145.5","112.2","127.3984697273494","164947.73","552850.3810487746739531041644899513417967","5610"
"binance-gas-try-spot","2025-04-14T00:00:00.000000000Z","115.3","105.7","116.7","104.4","109.0739012990671","72137.92","206931.0398321355520952118092456268599266","2330"
"binance-gas-try-spot","2025-04-15T00:00:00.000000000Z","104.4","136.6","143.8","103.1","125.3885993869299","411708.21","1354270.7314299774177607117600227041590797","11356"
"binance-gas-try-spot","2025-04-16T00:00:00.000000000Z","137.8","149.9","161.6","134.1","148.0764708571386","400975.21","1556889.9402913445003815710378970865140898","10693"
"binance-gas-try-spot","2025-04-17T00:00:00.000000000Z","149","129.8","151.2","128.8","136.7357056220812","76906.04","275892.9850021250710959977582130199637397","1742"
"binance-gas-try-spot","2025-04-18T00:00:00.000000000Z","129.3","131.7","149.9","128","138.856469095451","91798.46","335049.3623270950647553250012554489391131","2876"
"binance-gas-try-spot","2025-04-19T00:00:00.000000000Z","130.3","132.8","136.3","126.6","131.4279163791233","26126.49","90027.6126382803385260757788458272369879","907"
"binance-gas-try-spot","2025-04-20T00:00:00.000000000Z","132.1","137.3","142.4","129.9","136.9227538279811","53139.63","190751.9116388796390008076726473989503118","1323"
"binance-gas-try-spot","2025-04-21T00:00:00.000000000Z","136.3","131.2","137.8","131","134.3045561214996","31222.17","109902.5877348879646300246969610168185271","936"
"binance-gas-try-spot","2025-04-22T00:00:00.000000000Z","130.5","129.1","130.5","123.9","126.1754551794152","12647.76","41746.9809644684026158474452146750596601","408"
"binance-gas-try-spot","2025-04-23T00:00:00.000000000Z","128.9","126.9","130","124.2","126.9753105045276","21747.67","72586.3006213945605839598505588476511714","680"
"binance-gas-try-spot","2025-04-24T00:00:00.000000000Z","127.9","130","133.9","125.3","131.0277687927168","39157.59","134351.8366479858010647102819035998596195","1467"
"binance-gas-try-spot","2025-04-25T00:00:00.000000000Z","129.9","133.8","144.5","128.8","134.918218706831","32495.83","114462.7455863300795881529781511768450931","1357"
"binance-gas-try-spot","2025-04-26T00:00:00.000000000Z","133.1","130.5","134.8","128.4","130.839662842415","21836.08","74417.4232093272539835834402442297481837","1209"
"binance-gas-try-spot","2025-04-27T00:00:00.000000000Z","130.8","134.4","140.7","128.3","134.8432274268666","90821.02","318518.148892408030776693943514530143136","5525"
"binance-gas-try-spot","2025-04-28T00:00:00.000000000Z","133.9","133.4","137","130.5","133.4963029105662","85561.36","297176.2522033592615603108247674501655705","8507"
"binance-gas-try-spot","2025-04-29T00:00:00.000000000Z","133.4","129","133.7","127.4","131.3563354339374","91161.08","311561.16950190582993970771309525069326044","8823"
"binance-gas-try-spot","2025-04-30T00:00:00.000000000Z","128.3","127","130","122.4","127.2457917417734","52808.19","174637.311090887041481273005271441708024764","6193"
"binance-gas-try-spot","2025-05-01T00:00:00.000000000Z","128","128.2","129.5","125.1","127.9256191934106","16559.85","55040.070925734482243702438636637031089","568"
"binance-gas-try-spot","2025-05-02T00:00:00.000000000Z","128.3","126.4","128.3","125.2","126.7161295280482","13858.62","45615.1432227153045348707031251254758403","416"
"binance-gas-try-spot","2025-05-03T00:00:00.000000000Z","126.2","123.4","128.5","123.1","126.2582853072539","38340.28","125383.9422388032246324456790199665788231","1016"
"binance-gas-try-spot","2025-05-04T00:00:00.000000000Z","123.4","121.4","127.4","120.5","122.2672011435102","34336.38","108493.0908615678544415021863950650832619","902"
"binance-gas-try-spot","2025-05-05T00:00:00.000000000Z","121.2","122.5","124.7","120","122.8556446457991","19101.73","60818.74163525529765305742032818767878568","605"
"binance-gas-try-spot","2025-05-06T00:00:00.000000000Z","122.4","117.6","122.9","113.4","118.3585593310885","14507.15","44460.37433521333464824480532718142849681","610"
"binance-gas-try-spot","2025-05-07T00:00:00.000000000Z","117.6","119.3","120.4","116.4","118.6837777860198","14559.48","44733.0820842393958792432837336145352887","432"
"binance-gas-try-spot","2025-05-08T00:00:00.000000000Z","119.3","129","130.1","119.1","125.9770711404228","24052.57","78622.1795502978829049840214267641681386","584"
"binance-gas-try-spot","2025-05-09T00:00:00.000000000Z","129.4","134.5","135.2","128.6","132.2291499772162","20080.05","68908.8699258553223226010131002015409265","616"
"binance-gas-try-spot","2025-05-10T00:00:00.000000000Z","134.9","138.6","138.8","132.2","134.6246775501324","8916.89","31156.7109038560325685939574474102320213","417"
"binance-gas-try-spot","2025-05-11T00:00:00.000000000Z","138.5","146","170.7","132.7","147.087102166052","107617.45","408227.0898709916200637458708388159194783","2315"
"binance-gas-try-spot","2025-05-12T00:00:00.000000000Z","145","144.7","153.9","138.1","145.9258928861786","60577.99","228459.161230960667857332519445008347501","7061"
